address,city,customer_id,email,first_name,last_name,phone_number,state,zip_code
074 Christopher Wall,West Michaelborough,8f625c8d-b3fc-4c91-b8da-146c48475a9f,crystal30@example.com,Melissa,Burnett,237-780-0843,MO,18178
6675 Melissa Parks,Martinport,1003ddd6-63c9-4fc4-8cbc-e59a0036801b,kcastaneda@example.org,Meghan,Holmes,001-349-879-6759x1942,DE,14057
704 Aguilar Causeway,Brandonton,8bc831dd-3f33-45f6-afaf-538e629cc4cb,bartlettmichael@example.org,Christopher,Perry,+1-456-831-0870,MH,94435
475 Lynn Trafficway,Cherylberg,956a6cb1-784a-49a6-b69f-fc00437625e7,david52@example.net,Matthew,Bradley,424.989.0692x98222,PR,71281
8028 Thomas Forks,South Elizabethhaven,caab9b62-81b5-4717-be3a-5fb43ec63cc5,kevin15@example.org,Caitlin,Baldwin,001-959-220-4805x141,TX,72278
56254 Peters Mall Suite 165,South Alexander,dd9a5d61-1a1d-41fa-aee9-6bfc4fb3b3d4,conniewhite@example.com,James,Daniels,321-343-2920x96576,OR,77133
504 Jill Trail,South Diane,b879d633-5528-4126-b70d-6fb2e4ffb33c,daniellehill@example.com,Ronald,Ramirez,9349431974,ID,14575
77501 Jennifer Glens Apt. 372,North Michellechester,53cfb05d-2315-470a-97a4-bf0076e93d04,brenda52@example.com,Amanda,Brown,620-637-9306,LA,90853
952 Christopher Isle,Mosleystad,b4aa888d-a47e-4513-82dc-d068d4af9d9d,xwilson@example.org,Kelli,Moore,688.499.7231,MA,29561
295 Pena Manors Suite 336,Tinafurt,c6953e68-0207-484d-9434-7ca61913c899,yross@example.com,Andrew,Hill,353.303.7088x079,MD,98398
1248 Johnny Mountain Apt. 120,Colebury,48270c79-69e7-4ae0-a88a-94737411a90a,nathaniel34@example.com,Robyn,Elliott,001-599-809-2127x603,RI,35494
460 Murphy Key Suite 199,South Ronaldfort,509e3bb9-6c72-47ae-a2fa-220867c4f0e5,kathleenmurphy@example.net,Caroline,Smith,(368)292-6171,NV,12497
4744 Greer Vista Suite 296,West Joseph,cfcee141-fbd9-4315-b2dc-d675bee4354f,ballardjames@example.net,Sylvia,Hayes,+1-771-339-3739x33042,NC,39649
47281 Smith Loop,Oliviaberg,e84b1a9a-47f0-48f9-bd24-b7f327b67c75,cgarcia@example.net,Martha,Williamson,001-730-678-4731x6587,OK,68652
358 Casey Street Suite 266,Lake Anthony,59b556cd-4cb0-42ec-9f44-d4ec5ae2f9d2,dlang@example.net,Leslie,Gardner,2265599146,OK,89179
79686 Teresa Trail,Crawfordview,9d9065f7-39fa-46d6-b4ce-82d9b6185ce3,josborne@example.com,Joel,Sweeney,001-592-659-6284x745,NV,85470
53850 Romero Knoll,Montgomerymouth,ee561a36-d2fb-49ef-9ddb-a612472b95b3,smcintosh@example.org,James,Cole,577.598.5019,PW,36195
17605 Tyler Fields Suite 859,Juliemouth,fdc733e7-26b0-4350-8649-2e13156793df,yprice@example.com,Sarah,Bates,519.275.0960x85755,VT,32361
90671 Chris Lakes,Loganchester,b73cad20-e860-4698-ab6a-6905bfb87cc0,denisegibbs@example.com,Larry,Gonzales,(364)857-1504,MP,73309
200 Kristen Villages Suite 763,Lake Selena,277b583d-5624-4f79-909b-1ef8a561d848,michaeljohnson@example.com,Randy,Ross,434-433-2227x7545,MI,44999
414 Gregory Land Apt. 133,Lake Katherine,d8e152c5-0bba-4ef0-a1c9-676931718098,sanderssummer@example.net,Jason,Owens,322-777-6621,CT,79860
60795 Browning Club Suite 224,South Michelleshire,fba6ded3-517e-4256-802a-e45d35c77934,randall17@example.net,Melinda,Perry,(423)422-5222x0475,OH,76021
6328 Hughes Cape Suite 218,Elizabethfort,302903c7-770d-418e-9cfe-7f49e749b466,matthew30@example.net,Jose,King,7064190621,VT,51619
40513 Brown Lodge,South Laura,db9f8b9c-3da3-471e-96b4-2e406fb6e038,brandon06@example.org,Felicia,Davis,001-666-271-4073,HI,76468
6804 Wendy Haven,Zavalaside,293fea60-de9f-47b4-9b7c-168709283aff,vegajacqueline@example.org,Donald,Williams,001-782-560-0832x82779,CT,48027
0489 Michelle Station,New Charlesberg,21a72690-98e5-426b-af48-492fcdcca498,martinerin@example.org,Vincent,Massey,791.876.7079,FL,62230
625 Edward Groves Apt. 258,West Cameronland,e1320247-067f-4288-942f-a02b195f6959,palmerjames@example.com,Kevin,Glenn,279-510-4237x60545,IA,47594
2253 Nichols Road,East Jennifermouth,528e17d7-fc4c-4874-9168-2bda73d6d3ba,mooreandre@example.com,Jennifer,Jones,728-875-0891,OH,93024
2235 Ortega Fields Suite 683,South Douglasland,41764b89-45f0-42da-a43d-c4f774a84eb6,umckenzie@example.net,Scott,Williams,4188371516,MD,87993
592 Trevor Land Apt. 541,Port Veronica,c38e6099-9a1f-4ee2-8a28-5358cb58cea7,cmorales@example.com,Raymond,Soto,490.372.1457x4973,WY,10332
265 Johnson Dale,West Kimberly,6071d25b-6132-4689-8063-f923a7f000d2,jamespatterson@example.org,Robert,Pittman,4889338499,NC,64900
44115 Patrick Vista Suite 241,Lauramouth,9f7f8fd4-820a-44f9-b758-11637e9a24dd,blakecampbell@example.net,Hannah,Walsh,+1-876-946-8568x711,NY,15137
81641 Jonathan Row,New Melissa,2c11b96c-f2e2-4f89-90c0-0b672e8a6c4c,holtnatasha@example.org,Donald,Martinez,537-555-6362x578,WY,94198
544 Alexander Tunnel Suite 966,Kimberlymouth,0b5df0d1-1c01-4b2b-b6b0-51085f18a258,frank47@example.net,Justin,Bishop,+1-581-905-2031x27552,NM,27162
427 Victoria Haven,Josephville,74ead9de-4f55-46e3-8eb1-33975fb830db,handerson@example.com,Jessica,Shah,(273)887-3236x5008,NV,89151
59830 Howard Valleys,North Valerie,1b2f400e-0400-4bbd-9c39-43209d1ea38e,zflores@example.net,Martha,White,001-662-618-2436,GU,02290
1272 Evans Terrace,East Morganton,5ccb6388-8358-4cfe-bac8-e7479f5c34c9,joy98@example.com,Latoya,Mcdonald,001-449-355-3976x82768,NY,98784
60330 Johnny Burgs,Shannonmouth,dd6c2751-b1a1-4a8b-b1fd-1a33eefe3bb6,clarklauren@example.com,Stephen,Gomez,+1-438-621-9382x2342,NJ,72233
372 William Terrace Apt. 683,North Rossport,d69b2cf8-c3d9-40ad-90f7-7e554880b693,browndanielle@example.org,Jason,Gilbert,+1-542-484-4510x43382,TN,69048
7636 Kayla Ramp Apt. 108,Lake Josephland,f0d6e263-e4d2-4bca-807a-7ed0105db53c,hernandezsamantha@example.org,Gabriel,Johnson,532-733-3205x8037,AK,46332
72516 Theresa Camp,South Joshua,3ec1f554-7797-48e8-9038-a7bb7f2d9eae,reginald66@example.com,Kenneth,Hunt,965-531-8079x177,DE,08505
054 May Track,Lake Lisaton,f0e9c37c-3cdb-4355-93f4-fad354a06542,brownnancy@example.net,Glenn,Durham,5576729683,OR,19799
674 Smith Walk Suite 273,West Rogerburgh,c9292458-87d8-4e6a-9d56-cb52b863bdd6,dcollier@example.net,Adam,Smith,436.227.1936x40940,NH,42369
43368 Davies Isle,North Thomas,21b97146-4611-446c-b4ba-280037b4b09e,bhoffman@example.net,Donna,Anderson,001-869-654-5992x24014,RI,54878
2080 Morgan Curve,Williamhaven,dccf01a9-b66e-419d-8c09-0c60f47efbfa,lowerymichael@example.net,Kenneth,Whitehead,(835)475-1763x206,MT,20539
5712 Timothy Estates Apt. 124,Woodland,8d28d4e4-65e2-4490-b14f-03c266d08f7c,meganmorse@example.org,Emily,Walker,741.444.9991,GA,84907
83814 Sarah Pine Suite 629,Craighaven,cdb125e2-fc23-483b-bb3e-cffd87262ff1,campbelltravis@example.com,David,Brown,698-445-4085,PR,00829
515 Jordan Harbor Suite 188,Jessicaville,0a7eac2d-24ea-4c8e-a9f6-a6b388e63ae5,ayalajessica@example.com,Regina,Rogers,(581)634-4913x191,FL,50894
0053 Julia Throughway Suite 170,Hollandview,10662690-58f0-47f5-a7e3-fbc23a3529ba,garciakristen@example.com,Bridget,Price,(402)670-7946x5526,NH,41255
0888 Mills Center Suite 330,East Brandonchester,e9e6b575-3ef6-4719-acc0-68788565fef0,jonwilliams@example.com,Lori,Green,(839)632-5245x34859,MH,67575
4047 Elizabeth Viaduct Suite 392,Nicoleville,9f50d468-87f3-4f37-b25a-d3329756fd58,bbrown@example.com,Teresa,Lambert,001-776-234-6764x3589,PR,57051
727 Rodney Harbors Apt. 983,Diazside,c07f037b-5e80-417b-ac75-b2b88e30b5c4,andrew47@example.com,Denise,Harper,2133257857,MD,84965
332 Porter Junctions Apt. 609,North Heather,05d4f691-d231-45ef-8710-e6258f2df1f8,normabaird@example.net,Susan,Hodges,458.849.5785x175,NJ,52241
558 Lozano Spurs Suite 471,Powersmouth,4e6d3a44-4bb2-4f56-9047-215bf9b594da,scottbrandi@example.net,Sheila,Evans,001-905-446-0103x69699,NH,17051
6655 Hayden Squares Apt. 142,New Joshuafort,971c2745-2ed1-4771-a984-30d545804a7b,dunnchristopher@example.org,Barbara,James,+1-822-726-6441x418,AR,98173
584 Derrick Extensions,Benjaminmouth,a229fa72-2dc4-4bd8-801a-6afdbe619c1c,michelleadams@example.org,Christopher,Gordon,001-986-291-5682x67881,SC,96654
176 Lopez Groves,Shirleystad,35a676d3-ebe7-47b6-ac5f-e26bc874bb08,robinsonkaren@example.org,Dennis,Fox,561.850.3142,NC,09334
34290 Scott Tunnel,Bradleyland,c8f30998-811e-4273-af9d-af8a16b8ae84,jcopeland@example.com,Jeffrey,Daniels,+1-993-605-9316x702,NH,88504
01602 Jacob Stravenue,North Jameschester,3d40e291-8851-4cfc-83db-9634037cba00,nelsonchristopher@example.org,Paul,Mercado,(737)918-1925x86757,CO,38368
473 Jacob Gardens Suite 320,East Christine,1571c5f4-3107-4f7b-8811-e6a53a1e2c76,devingiles@example.com,Larry,Roberts,276-819-5912,WI,34333
56309 Lindsay Terrace,Davidchester,ff07ada8-7aca-46e3-8a41-ea65f8f6005a,andrea35@example.com,Stephen,Cervantes,(684)966-3634x77322,NM,38169
658 Joanna Fords Apt. 377,East Jamesfurt,7a4b8235-12d3-4acd-b0ef-10150c83cb12,ryan16@example.com,Marcus,Smith,001-761-493-8453,NJ,76836
9448 Lindsay Station,Lake Nicoleland,5f66c74c-e20e-493c-829d-1674e66ff7f0,wilsonmichelle@example.net,John,Andrews,001-592-876-2315,GA,52878
986 Lynch Inlet,East Paulland,aa2fa80b-2c96-4ccd-be1a-b825d93629b5,crystalwhite@example.com,Benjamin,Frost,+1-289-365-4806x91184,CT,35790
30632 Derrick Parkways Suite 664,South Amy,0a3826a5-8022-457b-881b-76690f0f3986,erichards@example.org,Laura,Brooks,409-635-2701x6701,PW,15542
1469 Perez Center Apt. 581,Isabellaview,21242f8d-c5d2-44af-aab0-1fde7cb199b1,monique60@example.net,Patrick,Rogers,001-583-436-9869x4132,PR,41687
43434 Melanie Flats Suite 778,West Robert,cdfe895e-ee8c-4df1-9f79-8773e2f802e6,henrychristian@example.com,Jesse,Cox,850.898.3861,OH,58843
165 Robert Station,New Traci,46cb9258-b136-48ca-90dd-aa494dc5b66b,joseph51@example.org,Maria,Hall,(662)935-1874x85774,AK,32764
1943 Lucas Greens Apt. 042,Port Kristen,7ec91d41-0ced-467b-b1ed-d3c410cd4de9,danielnelson@example.com,Christopher,York,001-856-200-3319x0356,PA,50116
11229 Sheila Park,Danielfort,7b38fc5a-2038-4fd5-a11a-afcbf5f2708c,perezsteven@example.com,Andrew,Mendoza,001-493-213-5870x9141,NM,56733
44818 Long Drive,Andrewsburgh,a82afd09-ed59-4ed2-ae30-fa585fb781b8,williamcopeland@example.org,Frank,Knox,001-226-945-3312x9237,PW,15086
439 Bowers Dale Apt. 849,North Cody,13502258-ed16-4218-91f7-fc4b94c6bfae,alison72@example.com,Sara,Velasquez,831-914-7897x1429,WA,88827
51969 Jensen Flats Suite 736,Lake Annette,731e61d6-9166-4867-a1fa-b467bbe1df65,alexandermartinez@example.org,Deborah,Richardson,(426)774-3546x021,NY,61866
7733 Kerr Dam,Dudleyport,40c96387-0ab3-4684-b4b8-adb546c69f86,christopherlee@example.org,Paula,Booker,001-861-782-2086x61100,MP,66157
98626 Carol Mountains,Port Christinaberg,1c8b8fdb-d89e-408f-9212-93417baa89fa,lindsayreynolds@example.net,David,Walker,001-326-244-1677x25779,GU,52481
333 Gary Vista Suite 662,Mitchellbury,5e01555e-958b-42bc-930d-632f946731f7,fluna@example.net,Heather,Thompson,(431)541-5822,VT,39701
2544 Orr Street,Parkermouth,9fe8d49d-0e1b-4483-8278-6b924f4ecde2,gsimpson@example.net,Michael,Vincent,247-421-8885,FL,75880
6994 Baldwin Island,Saundersfort,674b0466-8237-4c87-8143-b2bd43df28eb,garciabryan@example.com,Benjamin,Robinson,599-964-1371,MI,45745
4679 Bailey Lakes,East Jorge,b02e00e8-b504-40d8-b7ee-2709f4457820,markcole@example.net,James,Wood,899.868.1453,MH,75004
40649 Baker Cliff,East Nicole,35c98798-f562-4cc2-90a9-38ea39c2d011,markoneal@example.com,Laura,Ramirez,283-523-3666,ID,55210
1547 Parker Bridge,North Evan,83356a0c-b5ed-4b9d-88b2-fea9c9067bb7,david67@example.com,Sherry,Ruiz,585.500.6246x792,NC,67536
5646 Jones Burg,North Donnastad,8a776b1b-1e47-4a8d-84b1-6583aceffb33,derekbartlett@example.net,Rebekah,Davis,(367)304-6240x91768,ME,69908
680 Amy Mountain Apt. 618,Hallbury,fcb8e5a8-af38-4921-bbec-d9c377f4cbb8,pwilson@example.org,Patrick,Martin,001-945-362-5517x342,AS,48404
616 Norman Causeway Suite 694,East Toddbury,c6724b85-24e0-4f03-84d3-d07305cfd78c,lynnrobert@example.org,Andre,Smith,001-530-753-4500x85385,WY,01721
51740 Ramirez Forges,Jimenezshire,d3222b63-8c42-418c-9a7a-6cab874b1299,langtammy@example.com,Danielle,Long,702-918-9970x67849,KY,95630
6898 Pham Shores Apt. 288,Brianville,042840f6-a1f8-469a-aafd-914c4b6deb9f,ryanjohn@example.com,Bryan,Todd,496-442-2032x0958,ID,40946
8421 Gina Fort Suite 733,Gordonshire,8e26be41-9926-415d-af66-8d029dddbf1a,adamsdustin@example.net,Theresa,Hernandez,213-886-9876x44454,NJ,54036
47914 Kelly Throughway,Kevinton,994d9206-818f-4ae8-9d13-98aa0d5228cc,matthew25@example.org,Carol,Lopez,914.927.1356,VT,89706
7320 Danielle Divide Apt. 396,Jonesmouth,faa943fb-eddf-4a4a-bd9c-3ed6f58a3fb1,richardsonmichael@example.org,Anthony,Mooney,(908)562-6314x9131,MT,12693
43652 Brandi Brooks,North Taylor,cf8edebe-f3dd-47c7-b2c9-fc74e139dc04,jacqueline09@example.net,James,Parsons,001-635-342-9920x87732,FM,38599
4259 Snyder Islands Apt. 597,Danastad,76e1a16e-8721-44d5-8563-7f3775bf0c6e,katherine38@example.net,Karen,Sanchez,001-842-985-9206x04501,AL,11027
57570 Rachel Mills,Rojasville,b64e9741-21b5-4acf-b547-032bc0cda043,jonesandrew@example.com,Joseph,Reed,981.253.5422,HI,86482
99749 James Spurs Suite 386,East Holly,9f7745c8-c8ac-47a9-b997-87b80f8fb61e,ewilliams@example.net,Michael,Collins,573-602-1056,CT,57300
92282 Christopher Junctions,East Gregory,8391d8ad-04ef-43e4-937f-9a621fc4d369,susansmith@example.net,Nathaniel,Fox,956-507-9834,MI,73473
87731 Tapia Lake,Josephmouth,97a43ef9-e87d-49b9-bfd1-7011517ab6b4,andrew04@example.net,Tiffany,Williams,+1-422-690-0884x29761,NM,34583
574 Daniel Parks Suite 139,Sarahchester,7423695a-6bb5-467f-a86e-51d1d5acdff6,corey35@example.org,Brittany,Young,476.694.2828x84467,TX,18283
244 Martin Trail Suite 913,New Julieville,c23ea80e-2802-475f-ba81-beb52321a2a5,tonya54@example.net,Richard,Hicks,001-209-902-9801x531,WI,71346
8065 Perry Camp Suite 308,New Victoria,25fd1c27-cbab-4223-be9d-14158b854be7,pberger@example.org,John,Jones,001-961-880-5839x732,FL,55915
379 Carol Inlet,Barryland,108aec5a-3283-4634-acce-c5dfcc5882b8,dean33@example.org,Andrew,Meyers,(435)279-5597,OR,74495
018 Wood Shoals,New Ronaldmouth,b20aa3ce-44d3-49dc-ba26-9e1db848532f,nstanley@example.com,Dawn,Keller,549-456-5725x3721,KS,80997
