customer_id,first_name,last_name,email,phone_number,address,city,state,zip_code
8f625c8d-b3fc-4c91-b8da-146c48475a9f,Melissa,Burnett,crystal30@example.com,237-780-0843,074 Christopher Wall,West Michaelborough,MO,18178
1003ddd6-63c9-4fc4-8cbc-e59a0036801b,Meghan,Holmes,kcastaneda@example.org,001-349-879-6759x1942,6675 Melissa Parks,Martinport,DE,14057
8bc831dd-3f33-45f6-afaf-538e629cc4cb,Christopher,Perry,bartlettmichael@example.org,+1-456-831-0870,704 Aguilar Causeway,Brandonton,MH,94435
956a6cb1-784a-49a6-b69f-fc00437625e7,Matthew,Bradley,david52@example.net,424.989.0692x98222,475 Lynn Trafficway,Cherylberg,PR,71281
caab9b62-81b5-4717-be3a-5fb43ec63cc5,Caitlin,Baldwin,kevin15@example.org,001-959-220-4805x141,8028 Thomas Forks,South Elizabethhaven,TX,72278
dd9a5d61-1a1d-41fa-aee9-6bfc4fb3b3d4,James,Daniels,conniewhite@example.com,321-343-2920x96576,56254 Peters Mall Suite 165,South Alexander,OR,77133
b879d633-5528-4126-b70d-6fb2e4ffb33c,Ronald,Ramirez,daniellehill@example.com,9349431974,504 Jill Trail,South Diane,ID,14575
53cfb05d-2315-470a-97a4-bf0076e93d04,Amanda,Brown,brenda52@example.com,620-637-9306,77501 Jennifer Glens Apt. 372,North Michellechester,LA,90853
b4aa888d-a47e-4513-82dc-d068d4af9d9d,Kelli,Moore,xwilson@example.org,688.499.7231,952 Christopher Isle,Mosleystad,MA,29561
c6953e68-0207-484d-9434-7ca61913c899,Andrew,Hill,yross@example.com,353.303.7088x079,295 Pena Manors Suite 336,Tinafurt,MD,98398
48270c79-69e7-4ae0-a88a-94737411a90a,Robyn,Elliott,nathaniel34@example.com,001-599-809-2127x603,1248 Johnny Mountain Apt. 120,Colebury,RI,35494
509e3bb9-6c72-47ae-a2fa-220867c4f0e5,Caroline,Smith,kathleenmurphy@example.net,(368)292-6171,460 Murphy Key Suite 199,South Ronaldfort,NV,12497
cfcee141-fbd9-4315-b2dc-d675bee4354f,Sylvia,Hayes,ballardjames@example.net,+1-771-339-3739x33042,4744 Greer Vista Suite 296,West Joseph,NC,39649
e84b1a9a-47f0-48f9-bd24-b7f327b67c75,Martha,Williamson,cgarcia@example.net,001-730-678-4731x6587,47281 Smith Loop,Oliviaberg,OK,68652
59b556cd-4cb0-42ec-9f44-d4ec5ae2f9d2,Leslie,Gardner,dlang@example.net,2265599146,358 Casey Street Suite 266,Lake Anthony,OK,89179
9d9065f7-39fa-46d6-b4ce-82d9b6185ce3,Joel,Sweeney,josborne@example.com,001-592-659-6284x745,79686 Teresa Trail,Crawfordview,NV,85470
ee561a36-d2fb-49ef-9ddb-a612472b95b3,James,Cole,smcintosh@example.org,577.598.5019,53850 Romero Knoll,Montgomerymouth,PW,36195
fdc733e7-26b0-4350-8649-2e13156793df,Sarah,Bates,yprice@example.com,519.275.0960x85755,17605 Tyler Fields Suite 859,Juliemouth,VT,32361
b73cad20-e860-4698-ab6a-6905bfb87cc0,Larry,Gonzales,denisegibbs@example.com,(364)857-1504,90671 Chris Lakes,Loganchester,MP,73309
277b583d-5624-4f79-909b-1ef8a561d848,Randy,Ross,michaeljohnson@example.com,434-433-2227x7545,200 Kristen Villages Suite 763,Lake Selena,MI,44999
d8e152c5-0bba-4ef0-a1c9-676931718098,Jason,Owens,sanderssummer@example.net,322-777-6621,414 Gregory Land Apt. 133,Lake Katherine,CT,79860
fba6ded3-517e-4256-802a-e45d35c77934,Melinda,Perry,randall17@example.net,(423)422-5222x0475,60795 Browning Club Suite 224,South Michelleshire,OH,76021
302903c7-770d-418e-9cfe-7f49e749b466,Jose,King,matthew30@example.net,7064190621,6328 Hughes Cape Suite 218,Elizabethfort,VT,51619
db9f8b9c-3da3-471e-96b4-2e406fb6e038,Felicia,Davis,brandon06@example.org,001-666-271-4073,40513 Brown Lodge,South Laura,HI,76468
293fea60-de9f-47b4-9b7c-168709283aff,Donald,Williams,vegajacqueline@example.org,001-782-560-0832x82779,6804 Wendy Haven,Zavalaside,CT,48027
21a72690-98e5-426b-af48-492fcdcca498,Vincent,Massey,martinerin@example.org,791.876.7079,0489 Michelle Station,New Charlesberg,FL,62230
e1320247-067f-4288-942f-a02b195f6959,Kevin,Glenn,palmerjames@example.com,279-510-4237x60545,625 Edward Groves Apt. 258,West Cameronland,IA,47594
528e17d7-fc4c-4874-9168-2bda73d6d3ba,Jennifer,Jones,mooreandre@example.com,728-875-0891,2253 Nichols Road,East Jennifermouth,OH,93024
41764b89-45f0-42da-a43d-c4f774a84eb6,Scott,Williams,umckenzie@example.net,4188371516,2235 Ortega Fields Suite 683,South Douglasland,MD,87993
c38e6099-9a1f-4ee2-8a28-5358cb58cea7,Raymond,Soto,cmorales@example.com,490.372.1457x4973,592 Trevor Land Apt. 541,Port Veronica,WY,10332
6071d25b-6132-4689-8063-f923a7f000d2,Robert,Pittman,jamespatterson@example.org,4889338499,265 Johnson Dale,West Kimberly,NC,64900
9f7f8fd4-820a-44f9-b758-11637e9a24dd,Hannah,Walsh,blakecampbell@example.net,+1-876-946-8568x711,44115 Patrick Vista Suite 241,Lauramouth,NY,15137
2c11b96c-f2e2-4f89-90c0-0b672e8a6c4c,Donald,Martinez,holtnatasha@example.org,537-555-6362x578,81641 Jonathan Row,New Melissa,WY,94198
0b5df0d1-1c01-4b2b-b6b0-51085f18a258,Justin,Bishop,frank47@example.net,+1-581-905-2031x27552,544 Alexander Tunnel Suite 966,Kimberlymouth,NM,27162
74ead9de-4f55-46e3-8eb1-33975fb830db,Jessica,Shah,handerson@example.com,(273)887-3236x5008,427 Victoria Haven,Josephville,NV,89151
1b2f400e-0400-4bbd-9c39-43209d1ea38e,Martha,White,zflores@example.net,001-662-618-2436,59830 Howard Valleys,North Valerie,GU,02290
5ccb6388-8358-4cfe-bac8-e7479f5c34c9,Latoya,Mcdonald,joy98@example.com,001-449-355-3976x82768,1272 Evans Terrace,East Morganton,NY,98784
dd6c2751-b1a1-4a8b-b1fd-1a33eefe3bb6,Stephen,Gomez,clarklauren@example.com,+1-438-621-9382x2342,60330 Johnny Burgs,Shannonmouth,NJ,72233
d69b2cf8-c3d9-40ad-90f7-7e554880b693,Jason,Gilbert,browndanielle@example.org,+1-542-484-4510x43382,372 William Terrace Apt. 683,North Rossport,TN,69048
f0d6e263-e4d2-4bca-807a-7ed0105db53c,Gabriel,Johnson,hernandezsamantha@example.org,532-733-3205x8037,7636 Kayla Ramp Apt. 108,Lake Josephland,AK,46332
3ec1f554-7797-48e8-9038-a7bb7f2d9eae,Kenneth,Hunt,reginald66@example.com,965-531-8079x177,72516 Theresa Camp,South Joshua,DE,08505
f0e9c37c-3cdb-4355-93f4-fad354a06542,Glenn,Durham,brownnancy@example.net,5576729683,054 May Track,Lake Lisaton,OR,19799
c9292458-87d8-4e6a-9d56-cb52b863bdd6,Adam,Smith,dcollier@example.net,436.227.1936x40940,674 Smith Walk Suite 273,West Rogerburgh,NH,42369
21b97146-4611-446c-b4ba-280037b4b09e,Donna,Anderson,bhoffman@example.net,001-869-654-5992x24014,43368 Davies Isle,North Thomas,RI,54878
dccf01a9-b66e-419d-8c09-0c60f47efbfa,Kenneth,Whitehead,lowerymichael@example.net,(835)475-1763x206,2080 Morgan Curve,Williamhaven,MT,20539
8d28d4e4-65e2-4490-b14f-03c266d08f7c,Emily,Walker,meganmorse@example.org,741.444.9991,5712 Timothy Estates Apt. 124,Woodland,GA,84907
cdb125e2-fc23-483b-bb3e-cffd87262ff1,David,Brown,campbelltravis@example.com,698-445-4085,83814 Sarah Pine Suite 629,Craighaven,PR,00829
0a7eac2d-24ea-4c8e-a9f6-a6b388e63ae5,Regina,Rogers,ayalajessica@example.com,(581)634-4913x191,515 Jordan Harbor Suite 188,Jessicaville,FL,50894
10662690-58f0-47f5-a7e3-fbc23a3529ba,Bridget,Price,garciakristen@example.com,(402)670-7946x5526,0053 Julia Throughway Suite 170,Hollandview,NH,41255
e9e6b575-3ef6-4719-acc0-68788565fef0,Lori,Green,jonwilliams@example.com,(839)632-5245x34859,0888 Mills Center Suite 330,East Brandonchester,MH,67575
9f50d468-87f3-4f37-b25a-d3329756fd58,Teresa,Lambert,bbrown@example.com,001-776-234-6764x3589,4047 Elizabeth Viaduct Suite 392,Nicoleville,PR,57051
c07f037b-5e80-417b-ac75-b2b88e30b5c4,Denise,Harper,andrew47@example.com,2133257857,727 Rodney Harbors Apt. 983,Diazside,MD,84965
05d4f691-d231-45ef-8710-e6258f2df1f8,Susan,Hodges,normabaird@example.net,458.849.5785x175,332 Porter Junctions Apt. 609,North Heather,NJ,52241
4e6d3a44-4bb2-4f56-9047-215bf9b594da,Sheila,Evans,scottbrandi@example.net,001-905-446-0103x69699,558 Lozano Spurs Suite 471,Powersmouth,NH,17051
971c2745-2ed1-4771-a984-30d545804a7b,Barbara,James,dunnchristopher@example.org,+1-822-726-6441x418,6655 Hayden Squares Apt. 142,New Joshuafort,AR,98173
a229fa72-2dc4-4bd8-801a-6afdbe619c1c,Christopher,Gordon,michelleadams@example.org,001-986-291-5682x67881,584 Derrick Extensions,Benjaminmouth,SC,96654
35a676d3-ebe7-47b6-ac5f-e26bc874bb08,Dennis,Fox,robinsonkaren@example.org,561.850.3142,176 Lopez Groves,Shirleystad,NC,09334
c8f30998-811e-4273-af9d-af8a16b8ae84,Jeffrey,Daniels,jcopeland@example.com,+1-993-605-9316x702,34290 Scott Tunnel,Bradleyland,NH,88504
3d40e291-8851-4cfc-83db-9634037cba00,Paul,Mercado,nelsonchristopher@example.org,(737)918-1925x86757,01602 Jacob Stravenue,North Jameschester,CO,38368
1571c5f4-3107-4f7b-8811-e6a53a1e2c76,Larry,Roberts,devingiles@example.com,276-819-5912,473 Jacob Gardens Suite 320,East Christine,WI,34333
ff07ada8-7aca-46e3-8a41-ea65f8f6005a,Stephen,Cervantes,andrea35@example.com,(684)966-3634x77322,56309 Lindsay Terrace,Davidchester,NM,38169
7a4b8235-12d3-4acd-b0ef-10150c83cb12,Marcus,Smith,ryan16@example.com,001-761-493-8453,658 Joanna Fords Apt. 377,East Jamesfurt,NJ,76836
5f66c74c-e20e-493c-829d-1674e66ff7f0,John,Andrews,wilsonmichelle@example.net,001-592-876-2315,9448 Lindsay Station,Lake Nicoleland,GA,52878
aa2fa80b-2c96-4ccd-be1a-b825d93629b5,Benjamin,Frost,crystalwhite@example.com,+1-289-365-4806x91184,986 Lynch Inlet,East Paulland,CT,35790
0a3826a5-8022-457b-881b-76690f0f3986,Laura,Brooks,erichards@example.org,409-635-2701x6701,30632 Derrick Parkways Suite 664,South Amy,PW,15542
21242f8d-c5d2-44af-aab0-1fde7cb199b1,Patrick,Rogers,monique60@example.net,001-583-436-9869x4132,1469 Perez Center Apt. 581,Isabellaview,PR,41687
cdfe895e-ee8c-4df1-9f79-8773e2f802e6,Jesse,Cox,henrychristian@example.com,850.898.3861,43434 Melanie Flats Suite 778,West Robert,OH,58843
46cb9258-b136-48ca-90dd-aa494dc5b66b,Maria,Hall,joseph51@example.org,(662)935-1874x85774,165 Robert Station,New Traci,AK,32764
7ec91d41-0ced-467b-b1ed-d3c410cd4de9,Christopher,York,danielnelson@example.com,001-856-200-3319x0356,1943 Lucas Greens Apt. 042,Port Kristen,PA,50116
7b38fc5a-2038-4fd5-a11a-afcbf5f2708c,Andrew,Mendoza,perezsteven@example.com,001-493-213-5870x9141,11229 Sheila Park,Danielfort,NM,56733
a82afd09-ed59-4ed2-ae30-fa585fb781b8,Frank,Knox,williamcopeland@example.org,001-226-945-3312x9237,44818 Long Drive,Andrewsburgh,PW,15086
13502258-ed16-4218-91f7-fc4b94c6bfae,Sara,Velasquez,alison72@example.com,831-914-7897x1429,439 Bowers Dale Apt. 849,North Cody,WA,88827
731e61d6-9166-4867-a1fa-b467bbe1df65,Deborah,Richardson,alexandermartinez@example.org,(426)774-3546x021,51969 Jensen Flats Suite 736,Lake Annette,NY,61866
40c96387-0ab3-4684-b4b8-adb546c69f86,Paula,Booker,christopherlee@example.org,001-861-782-2086x61100,7733 Kerr Dam,Dudleyport,MP,66157
1c8b8fdb-d89e-408f-9212-93417baa89fa,David,Walker,lindsayreynolds@example.net,001-326-244-1677x25779,98626 Carol Mountains,Port Christinaberg,GU,52481
5e01555e-958b-42bc-930d-632f946731f7,Heather,Thompson,fluna@example.net,(431)541-5822,333 Gary Vista Suite 662,Mitchellbury,VT,39701
9fe8d49d-0e1b-4483-8278-6b924f4ecde2,Michael,Vincent,gsimpson@example.net,247-421-8885,2544 Orr Street,Parkermouth,FL,75880
674b0466-8237-4c87-8143-b2bd43df28eb,Benjamin,Robinson,garciabryan@example.com,599-964-1371,6994 Baldwin Island,Saundersfort,MI,45745
b02e00e8-b504-40d8-b7ee-2709f4457820,James,Wood,markcole@example.net,899.868.1453,4679 Bailey Lakes,East Jorge,MH,75004
35c98798-f562-4cc2-90a9-38ea39c2d011,Laura,Ramirez,markoneal@example.com,283-523-3666,40649 Baker Cliff,East Nicole,ID,55210
83356a0c-b5ed-4b9d-88b2-fea9c9067bb7,Sherry,Ruiz,david67@example.com,585.500.6246x792,1547 Parker Bridge,North Evan,NC,67536
8a776b1b-1e47-4a8d-84b1-6583aceffb33,Rebekah,Davis,derekbartlett@example.net,(367)304-6240x91768,5646 Jones Burg,North Donnastad,ME,69908
fcb8e5a8-af38-4921-bbec-d9c377f4cbb8,Patrick,Martin,pwilson@example.org,001-945-362-5517x342,680 Amy Mountain Apt. 618,Hallbury,AS,48404
c6724b85-24e0-4f03-84d3-d07305cfd78c,Andre,Smith,lynnrobert@example.org,001-530-753-4500x85385,616 Norman Causeway Suite 694,East Toddbury,WY,01721
d3222b63-8c42-418c-9a7a-6cab874b1299,Danielle,Long,langtammy@example.com,702-918-9970x67849,51740 Ramirez Forges,Jimenezshire,KY,95630
042840f6-a1f8-469a-aafd-914c4b6deb9f,Bryan,Todd,ryanjohn@example.com,496-442-2032x0958,6898 Pham Shores Apt. 288,Brianville,ID,40946
8e26be41-9926-415d-af66-8d029dddbf1a,Theresa,Hernandez,adamsdustin@example.net,213-886-9876x44454,8421 Gina Fort Suite 733,Gordonshire,NJ,54036
994d9206-818f-4ae8-9d13-98aa0d5228cc,Carol,Lopez,matthew25@example.org,914.927.1356,47914 Kelly Throughway,Kevinton,VT,89706
faa943fb-eddf-4a4a-bd9c-3ed6f58a3fb1,Anthony,Mooney,richardsonmichael@example.org,(908)562-6314x9131,7320 Danielle Divide Apt. 396,Jonesmouth,MT,12693
cf8edebe-f3dd-47c7-b2c9-fc74e139dc04,James,Parsons,jacqueline09@example.net,001-635-342-9920x87732,43652 Brandi Brooks,North Taylor,FM,38599
76e1a16e-8721-44d5-8563-7f3775bf0c6e,Karen,Sanchez,katherine38@example.net,001-842-985-9206x04501,4259 Snyder Islands Apt. 597,Danastad,AL,11027
b64e9741-21b5-4acf-b547-032bc0cda043,Joseph,Reed,jonesandrew@example.com,981.253.5422,57570 Rachel Mills,Rojasville,HI,86482
9f7745c8-c8ac-47a9-b997-87b80f8fb61e,Michael,Collins,ewilliams@example.net,573-602-1056,99749 James Spurs Suite 386,East Holly,CT,57300
8391d8ad-04ef-43e4-937f-9a621fc4d369,Nathaniel,Fox,susansmith@example.net,956-507-9834,92282 Christopher Junctions,East Gregory,MI,73473
97a43ef9-e87d-49b9-bfd1-7011517ab6b4,Tiffany,Williams,andrew04@example.net,+1-422-690-0884x29761,87731 Tapia Lake,Josephmouth,NM,34583
7423695a-6bb5-467f-a86e-51d1d5acdff6,Brittany,Young,corey35@example.org,476.694.2828x84467,574 Daniel Parks Suite 139,Sarahchester,TX,18283
c23ea80e-2802-475f-ba81-beb52321a2a5,Richard,Hicks,tonya54@example.net,001-209-902-9801x531,244 Martin Trail Suite 913,New Julieville,WI,71346
25fd1c27-cbab-4223-be9d-14158b854be7,John,Jones,pberger@example.org,001-961-880-5839x732,8065 Perry Camp Suite 308,New Victoria,FL,55915
108aec5a-3283-4634-acce-c5dfcc5882b8,Andrew,Meyers,dean33@example.org,(435)279-5597,379 Carol Inlet,Barryland,OR,74495
b20aa3ce-44d3-49dc-ba26-9e1db848532f,Dawn,Keller,nstanley@example.com,549-456-5725x3721,018 Wood Shoals,New Ronaldmouth,KS,80997
