product_id,product_name,product_description,product_price
2c4aa051-e2d4-499a-a940-37e48927b88e,Scalable Transition Printer,Listen explain strategy interesting notice onto.,128.12
4cfb8032-aa17-4b66-b500-92c3c9172ce6,Impactful Cultivate Smartwatch,To also church student six subject win.,317.90
96cc6b3c-4058-4a59-aebb-c35522452fbb,Ubiquitous Deliver Mouse,Process within such not.,153.94
f88d2e53-590c-405a-aa02-de912908d3d5,Killer Deliver Smartwatch,Although expert news particular base chance.,22.23
9847938f-3ffe-494b-8063-1cbc950522ef,Plug-and-play Embrace Laptop,Blue arm rich generation live.,542.32
102fa51a-addd-4673-8bf7-42cef60102fc,Best-of-breed Grow Camera,Yet dog according just receive may speak.,302.38
edee2ff1-f50b-4895-9a0e-39365bf09746,Extensible Maximize Smartwatch,Stock edge three much attack.,122.25
74409a7f-8256-4510-b9ab-84aac9562a61,Bricks-and-clicks Visualize Camera,Apply look house heart time plan couple.,79.79
19c51b48-cbef-4aa9-a321-1c9b501a5437,Seamless Optimize Mouse,Whatever listen they.,347.77
3b19d5af-eb48-485e-9a72-0ab6ddb6bdf8,Scalable Utilize Camera,Until hear real ready.,744.36
